Group,The statements [Session of Intro. to Modern IT ],The statements [TSE Showcase session],The statements [Filed Trip ],The statements [Workshop activity],The statements [The instructors/lecturers are performance.],The statements [The TSE training objectives were met.],The statements [Staff ],The statements [Food and beverage],The statements [The overall satisfaction with the training.]
English,4 Agree,5 Excellent,5 Excellent,5 Excellent,4 Agree,5 Excellent,5 Excellent,5 Excellent,4 Agree
English,5 Excellent,5 Excellent,5 Excellent,5 Excellent,5 Excellent,5 Excellent,5 Excellent,5 Excellent,5 Excellent
English,5 Excellent,5 Excellent,4 Agree,4 Agree,4 Agree,4 Agree,5 Excellent,5 Excellent,4 Agree
English,5 Excellent,4 Agree,3 Neural,4 Agree,5 Excellent,5 Excellent,5 Excellent,5 Excellent,5 Excellent
English,4 Agree,3 Neural,5 Excellent,4 Agree,4 Agree,4 Agree,5 Excellent,4 Agree,5 Excellent
English,5 Excellent,4 Agree,5 Excellent,5 Excellent,5 Excellent,5 Excellent,5 Excellent,4 Agree,5 Excellent
English,4 Agree,5 Excellent,5 Excellent,5 Excellent,4 Agree,5 Excellent,5 Excellent,4 Agree,4 Agree
English,5 Excellent,5 Excellent,4 Agree,5 Excellent,5 Excellent,5 Excellent,5 Excellent,4 Agree,5 Excellent
English,5 Excellent,5 Excellent,4 Agree,5 Excellent,5 Excellent,5 Excellent,5 Excellent,4 Agree,5 Excellent