Group,ความพึงพอใจในกิจกรรม (5 ดีมาก >>1 ควรปรับปรุง) [การเสวนาหัวข้อ Intro to Modern IT],ความพึงพอใจในกิจกรรม (5 ดีมาก >>1 ควรปรับปรุง) [หัวข้อ TSE Showcase ],ความพึงพอใจในกิจกรรม (5 ดีมาก >>1 ควรปรับปรุง) [การดูงานนอกสถานที่],ความพึงพอใจในกิจกรรม (5 ดีมาก >>1 ควรปรับปรุง) [กิจกรรม Workshop],ความพึงพอใจในกิจกรรม (5 ดีมาก >>1 ควรปรับปรุง) [การถ่ายทอดของผู้สอน/ผู้บรรยาย ],ความพึงพอใจในกิจกรรม (5 ดีมาก >>1 ควรปรับปรุง) [ผลที่่ได้รับที่ได้รับจากการอบรม ตรงตามที่คาดหวัง],ความพึงพอใจในกิจกรรม (5 ดีมาก >>1 ควรปรับปรุง) [เจ้าหน้าที่],ความพึงพอใจในกิจกรรม (5 ดีมาก >>1 ควรปรับปรุง) [อาหารและเครื่องดื่ม],ความพึงพอใจในกิจกรรม (5 ดีมาก >>1 ควรปรับปรุง) [ความพึงพอใจในภาพรวมจากการอบรม]
Thai,2 เฉยๆ,4 ดี,2 เฉยๆ,5 ดีมาก,3 ปานกลาง,4 ดี,5 ดีมาก,2 เฉยๆ,4 ดี
Thai,5 ดีมาก,5 ดีมาก,5 ดีมาก,5 ดีมาก,5 ดีมาก,5 ดีมาก,5 ดีมาก,5 ดีมาก,5 ดีมาก
Thai,4 ดี,5 ดีมาก,5 ดีมาก,5 ดีมาก,5 ดีมาก,5 ดีมาก,5 ดีมาก,5 ดีมาก,5 ดีมาก
Thai,5 ดีมาก,5 ดีมาก,5 ดีมาก,5 ดีมาก,5 ดีมาก,5 ดีมาก,5 ดีมาก,3 ปานกลาง,5 ดีมาก
Thai,4 ดี,4 ดี,5 ดีมาก,4 ดี,4 ดี,4 ดี,5 ดีมาก,5 ดีมาก,5 ดีมาก
Thai,5 ดีมาก,5 ดีมาก,4 ดี,4 ดี,4 ดี,5 ดีมาก,5 ดีมาก,5 ดีมาก,5 ดีมาก
Thai,4 ดี,4 ดี,2 เฉยๆ,4 ดี,4 ดี,3 ปานกลาง,4 ดี,3 ปานกลาง,4 ดี
Thai,5 ดีมาก,5 ดีมาก,5 ดีมาก,5 ดีมาก,5 ดีมาก,5 ดีมาก,5 ดีมาก,5 ดีมาก,5 ดีมาก
Thai,5 ดีมาก,5 ดีมาก,5 ดีมาก,4 ดี,4 ดี,5 ดีมาก,5 ดีมาก,5 ดีมาก,5 ดีมาก
Thai,5 ดีมาก,5 ดีมาก,5 ดีมาก,5 ดีมาก,5 ดีมาก,5 ดีมาก,5 ดีมาก,5 ดีมาก,5 ดีมาก
Thai,4 ดี,5 ดีมาก,5 ดีมาก,5 ดีมาก,5 ดีมาก,5 ดีมาก,5 ดีมาก,3 ปานกลาง,4 ดี
